transaction_id,case_type,amount,depositor_name,patient_name,reason_code,legacy_matched,proposed_matched,is_deceased,heir_confirmed_proposed,days_pending_legacy,days_pending_proposed,final_result
DEP-001,DEPOSIT,62340,보호자1,환자1,GUARDIAN_PAY,0,1,0,0,63,4,매칭완료_진료비충당
DEP-002,DEPOSIT,74680,보호자2,환자2,GUARDIAN_PAY,0,1,0,0,66,5,매칭완료_진료비충당
DEP-003,DEPOSIT,87020,보호자3,환자3,GUARDIAN_PAY,0,1,0,0,69,6,매칭완료_진료비충당
DEP-004,DEPOSIT,99360,보호자4,환자4,GUARDIAN_PAY,0,1,0,0,72,7,매칭완료_진료비충당
DEP-005,DEPOSIT,111700,보호자5,환자5,GUARDIAN_PAY,0,1,0,0,75,3,매칭완료_진료비충당
DEP-006,DEPOSIT,124040,보호자6,환자6,GUARDIAN_PAY,0,1,0,0,78,4,매칭완료_진료비충당
DEP-007,DEPOSIT,136380,보호자7,환자7,GUARDIAN_PAY,0,1,0,0,81,5,매칭완료_진료비충당
DEP-008,DEPOSIT,148720,보호자8,환자8,GUARDIAN_PAY,0,1,0,0,84,6,매칭완료_진료비충당
DEP-009,DEPOSIT,161060,보호자9,환자9,GUARDIAN_PAY,0,1,0,0,87,7,매칭완료_진료비충당
DEP-010,DEPOSIT,173400,보호자10,환자10,GUARDIAN_PAY,0,0,0,0,90,45,장기미식별_지속관리
DEP-011,DEPOSIT,185740,보호자11,환자11,GUARDIAN_PAY,0,1,0,0,93,4,매칭완료_진료비충당
DEP-012,DEPOSIT,198080,보호자12,환자12,GUARDIAN_PAY,0,1,0,0,96,5,매칭완료_진료비충당
DEP-013,DEPOSIT,210420,보호자13,환자13,GUARDIAN_PAY,0,1,0,0,99,6,매칭완료_진료비충당
DEP-014,DEPOSIT,222760,보호자14,환자14,GUARDIAN_PAY,0,1,0,0,102,7,매칭완료_진료비충당
DEP-015,DEPOSIT,235100,보호자15,환자15,GUARDIAN_PAY,0,1,0,0,105,3,매칭완료_진료비충당
DEP-016,DEPOSIT,247440,보호자16,환자16,GUARDIAN_PAY,0,1,0,0,108,4,매칭완료_진료비충당
DEP-017,DEPOSIT,259780,보호자17,환자17,GUARDIAN_PAY,0,1,0,0,111,5,매칭완료_진료비충당
DEP-018,DEPOSIT,272120,보호자18,환자18,GUARDIAN_PAY,0,1,0,0,114,6,매칭완료_진료비충당
DEP-019,DEPOSIT,284460,보호자19,환자19,GUARDIAN_PAY,0,1,0,0,117,7,매칭완료_진료비충당
DEP-020,DEPOSIT,296800,보호자20,환자20,GUARDIAN_PAY,0,0,0,0,120,45,장기미식별_지속관리
DEP-021,DEPOSIT,309140,보호자21,환자21,GUARDIAN_PAY,0,1,0,0,123,4,매칭완료_진료비충당
DEP-022,DEPOSIT,321480,보호자22,환자22,GUARDIAN_PAY,0,1,0,0,126,5,매칭완료_진료비충당
DEP-023,DEPOSIT,333820,보호자23,환자23,GUARDIAN_PAY,0,1,0,0,129,6,매칭완료_진료비충당
DEP-024,DEPOSIT,346160,보호자24,환자24,GUARDIAN_PAY,0,1,0,0,132,7,매칭완료_진료비충당
DEP-025,DEPOSIT,358500,보호자25,환자25,GUARDIAN_PAY,0,1,0,0,135,3,매칭완료_진료비충당
DEP-026,DEPOSIT,370840,보호자26,환자26,GUARDIAN_PAY,0,1,0,0,138,4,매칭완료_진료비충당
DEP-027,DEPOSIT,383180,보호자27,환자27,GUARDIAN_PAY,0,1,0,0,141,5,매칭완료_진료비충당
DEP-028,DEPOSIT,395520,보호자28,환자28,GUARDIAN_PAY,0,1,0,0,144,6,매칭완료_진료비충당
DEP-029,DEPOSIT,407860,보호자29,환자29,GUARDIAN_PAY,0,1,0,0,147,7,매칭완료_진료비충당
DEP-030,DEPOSIT,420200,보호자30,환자30,GUARDIAN_PAY,0,0,0,0,150,45,장기미식별_지속관리
DEP-031,DEPOSIT,432540,보호자31,환자31,GUARDIAN_PAY,0,1,0,0,153,4,매칭완료_진료비충당
DEP-032,DEPOSIT,444880,보호자32,환자32,GUARDIAN_PAY,0,1,0,0,156,5,매칭완료_진료비충당
DEP-033,DEPOSIT,457220,보호자33,환자33,GUARDIAN_PAY,0,1,0,0,159,6,매칭완료_진료비충당
DEP-034,DEPOSIT,469560,보호자34,환자34,GUARDIAN_PAY,0,1,0,0,162,7,매칭완료_진료비충당
DEP-035,DEPOSIT,481900,보호자35,환자35,GUARDIAN_PAY,0,1,0,0,165,3,매칭완료_진료비충당
DEP-036,DEPOSIT,494240,보호자36,환자36,GUARDIAN_PAY,0,1,0,0,168,4,매칭완료_진료비충당
DEP-037,DEPOSIT,56580,보호자37,환자37,GUARDIAN_PAY,0,1,0,0,171,5,매칭완료_진료비충당
DEP-038,DEPOSIT,68920,보호자38,환자38,GUARDIAN_PAY,0,1,0,0,174,6,매칭완료_진료비충당
DEP-039,DEPOSIT,81260,보호자39,환자39,GUARDIAN_PAY,0,1,0,0,177,7,매칭완료_진료비충당
DEP-040,DEPOSIT,93600,보호자40,환자40,GUARDIAN_PAY,0,0,0,0,180,45,장기미식별_지속관리
DEP-041,DEPOSIT,105940,보호자41,환자41,GUARDIAN_PAY,0,1,0,0,183,4,매칭완료_진료비충당
DEP-042,DEPOSIT,118280,보호자42,환자42,GUARDIAN_PAY,0,1,0,0,186,5,매칭완료_진료비충당
DEP-043,DEPOSIT,130620,보호자43,환자43,GUARDIAN_PAY,0,1,0,0,189,6,매칭완료_진료비충당
DEP-044,DEPOSIT,142960,보호자44,환자44,GUARDIAN_PAY,0,1,0,0,192,7,매칭완료_진료비충당
DEP-045,DEPOSIT,155300,보호자45,환자45,GUARDIAN_PAY,0,1,0,0,195,3,매칭완료_진료비충당
DEP-046,DEPOSIT,167640,보호자46,환자46,GUARDIAN_PAY,0,1,0,0,198,4,매칭완료_진료비충당
DEP-047,DEPOSIT,179980,보호자47,환자47,GUARDIAN_PAY,0,1,0,0,201,5,매칭완료_진료비충당
DEP-048,DEPOSIT,192320,보호자48,환자48,GUARDIAN_PAY,0,1,0,0,204,6,매칭완료_진료비충당
DEP-049,DEPOSIT,204660,보호자49,환자49,GUARDIAN_PAY,0,1,0,0,207,7,매칭완료_진료비충당
DEP-050,DEPOSIT,217000,보호자50,환자50,GUARDIAN_PAY,0,0,0,0,210,45,장기미식별_지속관리
DEP-051,DEPOSIT,229340,보호자51,환자51,GUARDIAN_PAY,0,1,0,0,213,4,매칭완료_진료비충당
DEP-052,DEPOSIT,241680,보호자52,환자52,GUARDIAN_PAY,0,1,0,0,216,5,매칭완료_진료비충당
DEP-053,DEPOSIT,254020,보호자53,환자53,GUARDIAN_PAY,0,1,0,0,219,6,매칭완료_진료비충당
DEP-054,DEPOSIT,266360,보호자54,환자54,GUARDIAN_PAY,0,1,0,0,222,7,매칭완료_진료비충당
DEP-055,DEPOSIT,278700,보호자55,환자55,GUARDIAN_PAY,0,1,0,0,225,3,매칭완료_진료비충당
DEP-056,DEPOSIT,291040,보호자56,환자56,GUARDIAN_PAY,0,1,0,0,228,4,매칭완료_진료비충당
DEP-057,DEPOSIT,303380,보호자57,환자57,GUARDIAN_PAY,0,1,0,0,231,5,매칭완료_진료비충당
DEP-058,DEPOSIT,315720,보호자58,환자58,GUARDIAN_PAY,0,1,0,0,234,6,매칭완료_진료비충당
DEP-059,DEPOSIT,328060,보호자59,환자59,GUARDIAN_PAY,0,1,0,0,237,7,매칭완료_진료비충당
DEP-060,DEPOSIT,340400,보호자60,환자60,GUARDIAN_PAY,0,0,0,0,60,45,장기미식별_지속관리
DEP-061,DEPOSIT,352740,구이름61,새이름61,NAME_CHANGED,0,1,0,0,63,3,매칭완료_개명확인
DEP-062,DEPOSIT,365080,구이름62,새이름62,NAME_CHANGED,0,1,0,0,66,4,매칭완료_개명확인
DEP-063,DEPOSIT,377420,구이름63,새이름63,NAME_CHANGED,0,1,0,0,69,2,매칭완료_개명확인
DEP-064,DEPOSIT,389760,구이름64,새이름64,NAME_CHANGED,0,1,0,0,72,3,매칭완료_개명확인
DEP-065,DEPOSIT,402100,구이름65,새이름65,NAME_CHANGED,0,1,0,0,75,4,매칭완료_개명확인
DEP-066,DEPOSIT,414440,구이름66,새이름66,NAME_CHANGED,0,1,0,0,78,2,매칭완료_개명확인
DEP-067,DEPOSIT,426780,구이름67,새이름67,NAME_CHANGED,0,1,0,0,81,3,매칭완료_개명확인
DEP-068,DEPOSIT,439120,구이름68,새이름68,NAME_CHANGED,0,1,0,0,84,4,매칭완료_개명확인
DEP-069,DEPOSIT,451460,구이름69,새이름69,NAME_CHANGED,0,1,0,0,87,2,매칭완료_개명확인
DEP-070,DEPOSIT,463800,구이름70,새이름70,NAME_CHANGED,0,1,0,0,90,3,매칭완료_개명확인
DEP-071,DEPOSIT,476140,구이름71,새이름71,NAME_CHANGED,0,1,0,0,93,4,매칭완료_개명확인
DEP-072,DEPOSIT,488480,구이름72,새이름72,NAME_CHANGED,0,1,0,0,96,2,매칭완료_개명확인
DEP-073,DEPOSIT,50820,구이름73,새이름73,NAME_CHANGED,0,1,0,0,99,3,매칭완료_개명확인
DEP-074,DEPOSIT,63160,구이름74,새이름74,NAME_CHANGED,0,1,0,0,102,4,매칭완료_개명확인
DEP-075,DEPOSIT,75500,구이름75,새이름75,NAME_CHANGED,0,1,0,0,105,2,매칭완료_개명확인
DEP-076,DEPOSIT,87840,구이름76,새이름76,NAME_CHANGED,0,1,0,0,108,3,매칭완료_개명확인
DEP-077,DEPOSIT,100180,구이름77,새이름77,NAME_CHANGED,0,1,0,0,111,4,매칭완료_개명확인
DEP-078,DEPOSIT,112520,구이름78,새이름78,NAME_CHANGED,0,1,0,0,114,2,매칭완료_개명확인
DEP-079,DEPOSIT,124860,구이름79,새이름79,NAME_CHANGED,0,1,0,0,117,3,매칭완료_개명확인
DEP-080,DEPOSIT,137200,구이름80,새이름80,NAME_CHANGED,0,1,0,0,120,4,매칭완료_개명확인
DEP-081,DEPOSIT,149540,동명환자1,동명환자1,HOMONYM_ERROR,1,0,0,0,123,30,미매칭_확인보류
DEP-082,DEPOSIT,161880,동명환자2,동명환자2,HOMONYM_ERROR,1,1,0,0,126,5,매칭완료_교차검증
DEP-083,DEPOSIT,174220,동명환자3,동명환자3,HOMONYM_ERROR,1,0,0,0,129,30,미매칭_확인보류
DEP-084,DEPOSIT,186560,동명환자4,동명환자4,HOMONYM_ERROR,1,1,0,0,132,5,매칭완료_교차검증
DEP-085,DEPOSIT,198900,동명환자0,동명환자0,HOMONYM_ERROR,1,0,0,0,135,30,미매칭_확인보류
DEP-086,DEPOSIT,211240,동명환자1,동명환자1,HOMONYM_ERROR,1,1,0,0,138,5,매칭완료_교차검증
DEP-087,DEPOSIT,223580,동명환자2,동명환자2,HOMONYM_ERROR,1,0,0,0,141,30,미매칭_확인보류
DEP-088,DEPOSIT,235920,동명환자3,동명환자3,HOMONYM_ERROR,1,1,0,0,144,5,매칭완료_교차검증
DEP-089,DEPOSIT,248260,동명환자4,동명환자4,HOMONYM_ERROR,1,0,0,0,147,30,미매칭_확인보류
DEP-090,DEPOSIT,260600,동명환자0,동명환자0,HOMONYM_ERROR,1,1,0,0,150,5,매칭완료_교차검증
DEP-091,DEPOSIT,272940,동명환자1,동명환자1,HOMONYM_ERROR,1,0,0,0,153,30,미매칭_확인보류
DEP-092,DEPOSIT,285280,동명환자2,동명환자2,HOMONYM_ERROR,1,1,0,0,156,5,매칭완료_교차검증
DEP-093,DEPOSIT,297620,동명환자3,동명환자3,HOMONYM_ERROR,1,0,0,0,159,30,미매칭_확인보류
DEP-094,DEPOSIT,309960,동명환자4,동명환자4,HOMONYM_ERROR,1,1,0,0,162,5,매칭완료_교차검증
DEP-095,DEPOSIT,322300,동명환자0,동명환자0,HOMONYM_ERROR,1,0,0,0,165,30,미매칭_확인보류
DEP-096,DEPOSIT,334640,동명환자1,동명환자1,HOMONYM_ERROR,1,1,0,0,168,5,매칭완료_교차검증
DEP-097,DEPOSIT,346980,동명환자2,동명환자2,HOMONYM_ERROR,1,0,0,0,171,30,미매칭_확인보류
DEP-098,DEPOSIT,359320,동명환자3,동명환자3,HOMONYM_ERROR,1,1,0,0,174,5,매칭완료_교차검증
DEP-099,DEPOSIT,371660,동명환자4,동명환자4,HOMONYM_ERROR,1,0,0,0,177,30,미매칭_확인보류
DEP-100,DEPOSIT,384000,동명환자0,동명환자0,HOMONYM_ERROR,1,1,0,0,180,5,매칭완료_교차검증
REF-101,REFUND,251500,-,환자101,DECEASED_PATIENT,0,1,1,1,94,17,적법상속인_지급완료
REF-102,REFUND,273000,-,환자102,DECEASED_PATIENT,0,1,1,1,98,18,적법상속인_지급완료
REF-103,REFUND,294500,-,환자103,DECEASED_PATIENT,0,1,1,1,102,19,적법상속인_지급완료
REF-104,REFUND,316000,-,환자104,DECEASED_PATIENT,0,1,1,1,106,20,적법상속인_지급완료
REF-105,REFUND,337500,-,환자105,DECEASED_PATIENT,0,1,1,1,110,14,적법상속인_지급완료
REF-106,REFUND,359000,-,환자106,DECEASED_PATIENT,0,1,1,1,114,15,적법상속인_지급완료
REF-107,REFUND,380500,-,환자107,DECEASED_PATIENT,0,1,1,1,118,16,적법상속인_지급완료
REF-108,REFUND,402000,-,환자108,DECEASED_PATIENT,0,1,1,1,122,17,적법상속인_지급완료
REF-109,REFUND,423500,-,환자109,DECEASED_PATIENT,0,1,1,1,126,18,적법상속인_지급완료
REF-110,REFUND,445000,-,환자110,DECEASED_PATIENT,0,1,1,1,130,19,적법상속인_지급완료
REF-111,REFUND,466500,-,환자111,DECEASED_PATIENT,0,1,1,1,134,20,적법상속인_지급완료
REF-112,REFUND,488000,-,환자112,DECEASED_PATIENT,0,1,1,1,138,14,적법상속인_지급완료
REF-113,REFUND,509500,-,환자113,DECEASED_PATIENT,0,1,1,1,142,15,적법상속인_지급완료
REF-114,REFUND,531000,-,환자114,DECEASED_PATIENT,0,1,1,1,146,16,적법상속인_지급완료
REF-115,REFUND,552500,-,환자115,DECEASED_PATIENT,0,1,1,1,150,17,적법상속인_지급완료
REF-116,REFUND,574000,-,환자116,DECEASED_PATIENT,0,1,1,1,154,18,적법상속인_지급완료
REF-117,REFUND,595500,-,환자117,DECEASED_PATIENT,0,1,1,1,158,19,적법상속인_지급완료
REF-118,REFUND,617000,-,환자118,DECEASED_PATIENT,0,1,1,1,162,20,적법상속인_지급완료
REF-119,REFUND,638500,-,환자119,DECEASED_PATIENT,0,1,1,1,166,14,적법상속인_지급완료
REF-120,REFUND,660000,-,환자120,DECEASED_PATIENT,0,1,1,1,170,15,적법상속인_지급완료
REF-121,REFUND,31500,-,환자121,DECEASED_PATIENT,0,0,1,0,174,180,공탁_또는_국고귀속대기
REF-122,REFUND,53000,-,환자122,DECEASED_PATIENT,0,0,1,0,178,180,공탁_또는_국고귀속대기
REF-123,REFUND,74500,-,환자123,DECEASED_PATIENT,0,0,1,0,182,180,공탁_또는_국고귀속대기
REF-124,REFUND,96000,-,환자124,DECEASED_PATIENT,0,0,1,0,186,180,공탁_또는_국고귀속대기
REF-125,REFUND,117500,-,환자125,DECEASED_PATIENT,0,0,1,0,190,180,공탁_또는_국고귀속대기
REF-126,REFUND,139000,-,환자126,UNREACHABLE_SMALL_AMOUNT,0,1,0,0,194,8,안내재전송_지급완료
REF-127,REFUND,160500,-,환자127,UNREACHABLE_SMALL_AMOUNT,0,1,0,0,198,9,안내재전송_지급완료
REF-128,REFUND,182000,-,환자128,UNREACHABLE_SMALL_AMOUNT,0,1,0,0,202,10,안내재전송_지급완료
REF-129,REFUND,203500,-,환자129,UNREACHABLE_SMALL_AMOUNT,0,1,0,0,206,11,안내재전송_지급완료
REF-130,REFUND,225000,-,환자130,UNREACHABLE_SMALL_AMOUNT,0,1,0,0,210,7,안내재전송_지급완료
REF-131,REFUND,246500,-,환자131,UNREACHABLE_SMALL_AMOUNT,0,1,0,0,214,8,안내재전송_지급완료
REF-132,REFUND,268000,-,환자132,UNREACHABLE_SMALL_AMOUNT,0,1,0,0,218,9,안내재전송_지급완료
REF-133,REFUND,289500,-,환자133,UNREACHABLE_SMALL_AMOUNT,0,1,0,0,222,10,안내재전송_지급완료
REF-134,REFUND,311000,-,환자134,UNREACHABLE_SMALL_AMOUNT,0,1,0,0,226,11,안내재전송_지급완료
REF-135,REFUND,332500,-,환자135,UNREACHABLE_SMALL_AMOUNT,0,1,0,0,230,7,안내재전송_지급완료
REF-136,REFUND,354000,-,환자136,UNREACHABLE_SMALL_AMOUNT,0,1,0,0,234,8,안내재전송_지급완료
REF-137,REFUND,375500,-,환자137,UNREACHABLE_SMALL_AMOUNT,0,1,0,0,238,9,안내재전송_지급완료
REF-138,REFUND,397000,-,환자138,UNREACHABLE_SMALL_AMOUNT,0,1,0,0,242,10,안내재전송_지급완료
REF-139,REFUND,418500,-,환자139,UNREACHABLE_SMALL_AMOUNT,0,1,0,0,246,11,안내재전송_지급완료
REF-140,REFUND,440000,-,환자140,UNREACHABLE_SMALL_AMOUNT,0,1,0,0,250,7,안내재전송_지급완료
REF-141,REFUND,461500,-,환자141,UNREACHABLE_SMALL_AMOUNT,0,1,0,0,254,8,안내재전송_지급완료
REF-142,REFUND,483000,-,환자142,UNREACHABLE_SMALL_AMOUNT,0,1,0,0,258,9,안내재전송_지급완료
REF-143,REFUND,504500,-,환자143,UNREACHABLE_SMALL_AMOUNT,0,1,0,0,262,10,안내재전송_지급완료
REF-144,REFUND,526000,-,환자144,UNREACHABLE_SMALL_AMOUNT,0,1,0,0,266,11,안내재전송_지급완료
REF-145,REFUND,547500,-,환자145,UNREACHABLE_SMALL_AMOUNT,0,1,0,0,270,7,안내재전송_지급완료
REF-146,REFUND,569000,-,환자146,UNREACHABLE_SMALL_AMOUNT,0,0,0,0,274,120,장기미수령_보류
REF-147,REFUND,590500,-,환자147,UNREACHABLE_SMALL_AMOUNT,0,0,0,0,278,120,장기미수령_보류
REF-148,REFUND,612000,-,환자148,UNREACHABLE_SMALL_AMOUNT,0,0,0,0,282,120,장기미수령_보류
REF-149,REFUND,633500,-,환자149,UNREACHABLE_SMALL_AMOUNT,0,0,0,0,286,120,장기미수령_보류
REF-150,REFUND,655000,-,환자150,UNREACHABLE_SMALL_AMOUNT,0,0,0,0,90,120,장기미수령_보류